target	source	value
ANAESTHESIOLOGY	MEDICINE	18
ANATOMICAL PATHOLOGY	MEDICINE	6
ANTHROPOLOGY	BUSINESS 1	8
ANTHROPOLOGY	ECONOMICS	6
ANTHROPOLOGY	HISTORY	6
ANTHROPOLOGY	HONOURS ANTHROPOLOGY	7
ANTHROPOLOGY	HUMANITIES	6
ANTHROPOLOGY	HUMANITIES 1	12
ANTHROPOLOGY	PSYCHOLOGY	10
ANTHROPOLOGY	SOCIAL SCIENCES	16
ANTHROPOLOGY	SOCIAL SCIENCES 1	58
ART HISTORY	HUMANITIES 1	19
ART HISTORY	SOCIAL SCIENCES 1	8
AUTOMOTIVE & VEHICLE TECHNOLOGY	TECHNOLOGY 1	322
BIOTECHNOLOGY	TECHNOLOGY 1	197
CARDIOLOGY/INTERNAL MEDICINE	CLINICAL INVESTIGATOR PROGRAMME-CARDIOLOGY	6
CARDIOLOGY/INTERNAL MEDICINE	INTERNAL MEDICINE	27
CHEMICAL ENGINEERING	CHEMICAL ENGINEERING CO-OP	31
CHEMICAL ENGINEERING	ENGINEERING 1	89
CHEMICAL ENGINEERING	ENGINEERING 1 CO-OP	6
CHEMICAL ENGINEERING & BIOENGINEERING	ENGINEERING 1	30
CHEMICAL ENGINEERING & BIOENGINEERING	ENGINEERING 1 CO-OP	6
CHEMICAL ENGINEERING & BIOENGINEERING CO-OP	CHEMICAL ENGINEERING & BIOENGINEERING	21
CHEMICAL ENGINEERING & BIOENGINEERING CO-OP	ENGINEERING 1	20
CHEMICAL ENGINEERING & BIOENGINEERING CO-OP	ENGINEERING 1 CO-OP	93
CHEMICAL ENGINEERING & MANAGEMENT	ENGINEERING 1	6
CHEMICAL ENGINEERING & MANAGEMENT CO-OP	CHEMICAL ENGINEERING & MANAGEMENT	8
CHEMICAL ENGINEERING & MANAGEMENT CO-OP	CHEMICAL ENGINEERING CO-OP	6
CHEMICAL ENGINEERING & MANAGEMENT CO-OP	ENGINEERING 1 CO-OP	56
CHEMICAL ENGINEERING & SOCIETY	ENGINEERING 1	10
CHEMICAL ENGINEERING & SOCIETY CO-OP	CHEMICAL ENGINEERING & SOCIETY	6
CHEMICAL ENGINEERING & SOCIETY CO-OP	ENGINEERING 1	6
CHEMICAL ENGINEERING & SOCIETY CO-OP	ENGINEERING 1 CO-OP	20
CHEMICAL ENGINEERING CO-OP	CHEMICAL ENGINEERING	27
CHEMICAL ENGINEERING CO-OP	CHEMICAL ENGINEERING & BIOENGINEERING CO-OP	11
CHEMICAL ENGINEERING CO-OP	ENGINEERING 1	66
CHEMICAL ENGINEERING CO-OP	ENGINEERING 1 CO-OP	221
CIVIL ENGINEERING	CIVIL ENGINEERING CO-OP	6
CIVIL ENGINEERING	CIVIL ENGINEERING-WATER/ENVIRONMENTAL ENGINEERING STREAM	18
CIVIL ENGINEERING	CIVIL ENG-STRUCTURAL/GEOTECHNICAL ENGINEERING STREAM	14
CIVIL ENGINEERING	ENGINEERING 1	97
CIVIL ENGINEERING	ENGINEERING 1 CO-OP	7
CIVIL ENGINEERING & INTERNATIONAL STUDIES CO-OP	ENGINEERING 1 CO-OP	11
CIVIL ENGINEERING & MANAGEMENT	CIVIL ENGIN'G&MANAGEMENT-STRUCTURAL/GEOTECHNICAL ENG STR	18
CIVIL ENGINEERING & MANAGEMENT	ENGINEERING 1	58
CIVIL ENGINEERING & MANAGEMENT CO-OP	CIVIL ENG & MANAGEMENT STRUCTURAL/GEOTECHNICAL ENG STR CO-OP	43
CIVIL ENGINEERING & MANAGEMENT CO-OP	CIVIL ENGINEERING & MANAGEMENT	8
CIVIL ENGINEERING & MANAGEMENT CO-OP	CIVIL ENGINEERING CO-OP	6
CIVIL ENGINEERING & MANAGEMENT CO-OP	ENGINEERING 1	28
CIVIL ENGINEERING & MANAGEMENT CO-OP	ENGINEERING 1 CO-OP	117
CIVIL ENGINEERING & SOCIETY	CIVIL ENG & SOCIETY-STRUCTURAL/GEOTECHNICAL ENG STREAM	10
CIVIL ENGINEERING & SOCIETY	CIVIL ENGINEERING & SOCIETY-WATER/ENVIRONMENTAL ENG STREAM	6
CIVIL ENGINEERING & SOCIETY	ENGINEERING 1	20
CIVIL ENGINEERING & SOCIETY CO-OP	CIVIL ENG & SOCIETY-STRUCTURAL/GEOTECHNICAL ENG STREAM CO-OP	16
CIVIL ENGINEERING & SOCIETY CO-OP	ENGINEERING 1	8
CIVIL ENGINEERING & SOCIETY CO-OP	ENGINEERING 1 CO-OP	32
CIVIL ENGINEERING CO-OP	CIVIL ENG STRUCTURAL/GEOTECHNICAL ENGINEERING STREAM CO-OP	37
CIVIL ENGINEERING CO-OP	CIVIL ENGINEERING	27
CIVIL ENGINEERING CO-OP	CIVIL ENGINEERING-WATER/ENVIRONMENTAL ENG STREAM CO-OP	43
CIVIL ENGINEERING CO-OP	ENGINEERING 1	47
CIVIL ENGINEERING CO-OP	ENGINEERING 1 CO-OP	195
CIVIL ENGIN'G&MANAGEMENT-STRUCTURAL/GEOTECHNICAL ENG STR	CIVIL ENG & MANAGEMENT STRUCTURAL/GEOTECHNICAL ENG STR CO-OP	6
CLASSICS	HONOURS CLASSICS	6
CLASSICS	HUMANITIES 1	38
CLINICAL HEMATOLOGY - ADULT/INTERNAL MEDICINE	INTERNAL MEDICINE	16
CLINICAL IMMUNOLOGY - ADULT/INTERNAL MEDICINE	INTERNAL MEDICINE	6
CLINICAL INVESTIGATOR PROGRAMME-CARDIOLOGY	CARDIOLOGY/INTERNAL MEDICINE	6
CLINICAL INVESTIGATOR PROGRAMME-ORTHOPEDIC SURGERY	ORTHOPEDIC SURGERY	18
CLINICAL INVESTIGATOR PROGRAMME-PLASTIC SURGERY	PLASTIC SURGERY	6
COMMERCE	BUSINESS 1	2887
COMMERCE	ENGINEERING 1	6
COMMERCE	ENGINEERING 1 CO-OP	6
COMMERCE	HONOURS BACHELOR OF COMMERCE	8
COMMERCE	HONOURS ECONOMICS	8
COMMERCE	LIFE SCIENCES 1	6
COMMERCE	SOCIAL SCIENCES 1	58
COMMUNITY MEDICINE	MEDICINE	6
COMPUTER ENGINEERING	COMPUTER ENGINEERING CO-OP	16
COMPUTER ENGINEERING	ENGINEERING 1	46
COMPUTER ENGINEERING & MANAGEMENT CO-OP	ENGINEERING 1 CO-OP	18
COMPUTER ENGINEERING & SOCIETY CO-OP	ENGINEERING 1 CO-OP	6
COMPUTER ENGINEERING CO-OP	COMPUTER ENGINEERING	32
COMPUTER ENGINEERING CO-OP	ELECTRICAL ENGINEERING CO-OP	6
COMPUTER ENGINEERING CO-OP	ENGINEERING 1	31
COMPUTER ENGINEERING CO-OP	ENGINEERING 1 CO-OP	164
COMPUTER SCIENCE 1	COMPUTER SCIENCE 1 CO-OP	8
CRITICAL CARE	INTERNAL MEDICINE	34
DIAGNOSTIC RADIOLOGY	MEDICINE	14
ECONOMICS	BUSINESS 1	210
ECONOMICS	COMMERCE	80
ECONOMICS	ENGINEERING 1	14
ECONOMICS	ENGINEERING 1 CO-OP	15
ECONOMICS	ENVIRONMENTAL SCIENCES	6
ECONOMICS	GEOGRAPHY	6
ECONOMICS	HONOURS BACHELOR OF COMMERCE	15
ECONOMICS	HONOURS ECONOMICS	43
ECONOMICS	HONOURS LIFE SCIENCES	12
ECONOMICS	HUMANITIES	18
ECONOMICS	HUMANITIES 1	16
ECONOMICS	LIFE SCIENCES	9
ECONOMICS	LIFE SCIENCES 1	8
ECONOMICS	MATHEMATICAL SCIENCE	20
ECONOMICS	MATHEMATICS & STATISTICS 1	8
ECONOMICS	PHYSICAL SCIENCES	7
ECONOMICS	POLITICAL SCIENCE	8
ECONOMICS	PSYCHOLOGY	7
ECONOMICS	SCIENCE	6
ECONOMICS	SOCIAL SCIENCES	87
ECONOMICS	SOCIAL SCIENCES 1	167
ECONOMICS	SOCIOLOGY	14
ELECTRICAL & BIOMEDICAL ENGINEERING	ENGINEERING 1	44
ELECTRICAL BIOMEDICAL ENGINEERING CO-OP	ELECTRICAL & BIOMEDICAL ENGINEERING	23
ELECTRICAL BIOMEDICAL ENGINEERING CO-OP	ENGINEERING 1	46
ELECTRICAL BIOMEDICAL ENGINEERING CO-OP	ENGINEERING 1 CO-OP	133
ELECTRICAL ENGINEERING	ELECTRICAL ENGINEERING CO-OP	40
ELECTRICAL ENGINEERING	ENGINEERING 1	78
ELECTRICAL ENGINEERING	ENGINEERING 1 CO-OP	6
ELECTRICAL ENGINEERING & MANAGEMENT	ELECTRICAL ENGINEERING & MANAGEMENT CO-OP	6
ELECTRICAL ENGINEERING & MANAGEMENT CO-OP	ELECTRICAL ENGINEERING & MANAGEMENT	10
ELECTRICAL ENGINEERING & MANAGEMENT CO-OP	ENGINEERING 1	24
ELECTRICAL ENGINEERING & MANAGEMENT CO-OP	ENGINEERING 1 CO-OP	53
ELECTRICAL ENGINEERING & SOCIETY CO-OP	ENGINEERING 1 CO-OP	28
ELECTRICAL ENGINEERING CO-OP	COMPUTER ENGINEERING CO-OP	25
ELECTRICAL ENGINEERING CO-OP	ELECTRICAL BIOMEDICAL ENGINEERING CO-OP	14
ELECTRICAL ENGINEERING CO-OP	ELECTRICAL ENGINEERING	87
ELECTRICAL ENGINEERING CO-OP	ELECTRICAL ENGINEERING & MANAGEMENT CO-OP	11
ELECTRICAL ENGINEERING CO-OP	ELECTRICAL ENGINEERING & SOCIETY CO-OP	7
ELECTRICAL ENGINEERING CO-OP	ENGINEERING 1	90
ELECTRICAL ENGINEERING CO-OP	ENGINEERING 1 CO-OP	304
EMERGENCY MEDICINE	MEDICINE	21
EMERGENCY MEDICINE-FAMILY	FAMILY MEDICINE	11
EMERGENCY MEDICINE-FAMILY MEDICINE/ROMP	FAMILY MEDICINE RURAL - KITCHENER/WATERLOO	6
ENGINEERING 1	ENGINEERING 1 CO-OP	7
ENGINEERING 1	TECHNOLOGY 1	20
ENGINEERING 1 CO-OP	ENGINEERING 1	59
ENGINEERING 1 CO-OP	TECHNOLOGY 1	8
ENGINEERING PHYSICS	ENGINEERING 1	49
ENGINEERING PHYSICS	ENGINEERING PHYSICS CO-OP	23
ENGINEERING PHYSICS & MANAGEMENT	ENGINEERING 1	6
ENGINEERING PHYSICS & MANAGEMENT CO-OP	ENGINEERING 1 CO-OP	31
ENGINEERING PHYSICS & MANAGEMENT CO-OP	ENGINEERING PHYSICS & MANAGEMENT	9
ENGINEERING PHYSICS & SOCIETY CO-OP	ENGINEERING 1 CO-OP	12
ENGINEERING PHYSICS CO-OP	ENGINEERING 1	37
ENGINEERING PHYSICS CO-OP	ENGINEERING 1 CO-OP	110
ENGINEERING PHYSICS CO-OP	ENGINEERING PHYSICS	16
ENGINEERING PHYSICS CO-OP	ENGINEERING PHYSICS & INTERNATIONAL STUDIES CO-OP	6
ENGLISH	HONOURS BIOLOGY	6
ENGLISH	HONOURS COMMUNICATION STUDIES	11
ENGLISH	HONOURS COMMUNICATION STUDIES & ENGLISH	6
ENGLISH	HONOURS ENGLISH	43
ENGLISH	HUMANITIES	8
ENGLISH	HUMANITIES 1	176
ENGLISH	SOCIAL SCIENCES 1	16
ENGLISH	SOCIOLOGY	6
ENGLISH & SOCIAL WORK	SOCIAL SCIENCES 1	6
ENVIRONMENTAL & EARTH SCIENCES 1	ENGINEERING 1	6
ENVIRONMENTAL SCIENCES	ENVIRONMENTAL & EARTH SCIENCES 1	64
ENVIRONMENTAL SCIENCES	GEOGRAPHY	6
ENVIRONMENTAL SCIENCES	LIFE SCIENCES	11
ENVIRONMENTAL SCIENCES	LIFE SCIENCES 1	10
ENVIRONMENTAL SCIENCES	PHYSICAL SCIENCES	12
ENVIRONMENTAL SCIENCES	PHYSICAL SCIENCES 1	10
ENVIRONMENTAL SCIENCES	SCIENCE	65
ENVIRONMENTAL SCIENCES	SOCIAL SCIENCES 1	6
FAMILY MEDICINE	MEDICINE	123
FAMILY MEDICINE	OBSTETRICS & GYNECOLOGY	7
FAMILY MEDICINE - NIAGARA	MEDICINE	42
FAMILY MEDICINE - PALLIATIVE CARE	FAMILY MEDICINE	8
FAMILY MEDICINE - SPORTS MEDICINE	FAMILY MEDICINE RURAL - KITCHENER/WATERLOO	6
FAMILY MEDICINE RURAL - BRAMPTON	MEDICINE	18
FAMILY MEDICINE RURAL - COLLINGWOOD	MEDICINE	9
FAMILY MEDICINE RURAL - FERGUS	MEDICINE	18
FAMILY MEDICINE RURAL - GRIMSBY	MEDICINE	9
FAMILY MEDICINE RURAL - KITCHENER/WATERLOO	MEDICINE	30
FRENCH	HONOURS FRENCH	7
FRENCH	HONOURS LIFE SCIENCES	8
FRENCH	HUMANITIES 1	6
FRENCH	LIFE SCIENCES	6
GASTROENTEROLOGY	INTERNAL MEDICINE	24
GEOGRAPHY	BUSINESS 1	12
GEOGRAPHY	ENVIRONMENTAL & EARTH SCIENCES 1	6
GEOGRAPHY	HONOURS GEOGRAPHY	10
GEOGRAPHY	HUMANITIES	6
GEOGRAPHY	HUMANITIES 1	16
GEOGRAPHY	LIFE SCIENCES	6
GEOGRAPHY	SCIENCE	8
GEOGRAPHY	SOCIAL SCIENCES	39
GEOGRAPHY	SOCIAL SCIENCES 1	83
GEOGRAPHY	SOCIOLOGY	8
GEOGRAPHY & SOCIAL WORK	SOCIAL SCIENCES 1	6
HEALTH, AGING & SOCIETY	HONOURS GERONTOLOGY	10
HEALTH, AGING & SOCIETY	HONOURS HEALTH STUDIES	14
HEALTH, AGING & SOCIETY	HUMANITIES 1	7
HEALTH, AGING & SOCIETY	PSYCHOLOGY	8
HEALTH, AGING & SOCIETY	SOCIAL SCIENCES	18
HEALTH, AGING & SOCIETY	SOCIAL SCIENCES 1	59
HEALTH, AGING & SOCIETY	SOCIOLOGY	14
HEALTH, AGING & SOCIETY & SOCIAL WORK	SOCIAL SCIENCES 1	26
HISTORY	ENGLISH	8
HISTORY	HONOURS HISTORY	11
HISTORY	HUMANITIES 1	113
HON PSYCHOLOGY-NEUROSCI & BEHAVIOUR (ORIGINS RESEARCH SPEC)	LIFE SCIENCES 1	10
HONOURS ACTUARIAL AND FINANCIAL MATHEMATICS	HONOURS LIFE SCIENCES	6
HONOURS ACTUARIAL AND FINANCIAL MATHEMATICS	HONOURS MATHEMATICS & STATISTICS(APPLIED MATHEMATICS SPEC)	66
HONOURS ACTUARIAL AND FINANCIAL MATHEMATICS	MATHEMATICS & STATISTICS 1	60
HONOURS ACTUARIAL AND FINANCIAL MATHEMATICS (CO-OP)	HONOURS MATHEMATICS & STATISTICS(APPLIED MATHEMATICS SPEC)	18
HONOURS ANTHROPOLOGY	ANTHROPOLOGY	39
HONOURS ANTHROPOLOGY	HUMANITIES 1	28
HONOURS ANTHROPOLOGY	SOCIAL SCIENCES	8
HONOURS ANTHROPOLOGY	SOCIAL SCIENCES 1	150
HONOURS ANTHROPOLOGY & POLITICAL SCIENCE	SOCIAL SCIENCES 1	12
HONOURS ANTHROPOLOGY & SOCIOLOGY	HONOURS SOCIOLOGY	12
HONOURS ANTHROPOLOGY & SOCIOLOGY	SOCIAL SCIENCES 1	39
HONOURS ART	HUMANITIES 1	18
HONOURS ART & ART HISTORY	HONOURS ART HISTORY	6
HONOURS ART HISTORY	ART HISTORY	12
HONOURS ART HISTORY	HUMANITIES 1	21
HONOURS ART HISTORY & CLASSICS	HUMANITIES 1	6
HONOURS ART HISTORY & ENGLISH	HUMANITIES 1	14
HONOURS ART STUDIO	STUDIO ART I	81
HONOURS ARTS & SCIENCE	ARTS & SCIENCE 1	281
HONOURS ARTS & SCIENCE	HONOURS ARTS & SCIENCE & BIOLOGY	11
HONOURS ARTS & SCIENCE	HONOURS ARTS & SCIENCE & CHEMICAL BIOLOGY	9
HONOURS ARTS & SCIENCE	HONOURS ARTS & SCIENCE & MATHEMATICS	6
HONOURS ARTS & SCIENCE	HONOURS ARTS & SCIENCE & PSYCHOLOGY	10
HONOURS ARTS & SCIENCE & BIOCHEMISTRY	ARTS & SCIENCE 1	8
HONOURS ARTS & SCIENCE & BIOLOGY	ARTS & SCIENCE 1	18
HONOURS ARTS & SCIENCE & BIOLOGY	HONOURS ARTS & SCIENCE	13
HONOURS ARTS & SCIENCE & BIOLOGY	HONOURS ARTS & SCIENCE & MOLECULAR BIOLOGY & GENETICS	6
HONOURS ARTS & SCIENCE & CHEMICAL BIOLOGY	ARTS & SCIENCE 1	12
HONOURS ARTS & SCIENCE & ECONOMICS	HONOURS ARTS & SCIENCE	6
HONOURS ARTS & SCIENCE & ENGLISH	ARTS & SCIENCE 1	10
HONOURS ARTS & SCIENCE & HISTORY	HONOURS ARTS & SCIENCE	11
HONOURS ARTS & SCIENCE & MATHEMATICS	ARTS & SCIENCE 1	10
HONOURS ARTS & SCIENCE & PEACE STUDIES	HONOURS ARTS & SCIENCE	6
HONOURS ARTS & SCIENCE & PHILOSOPHY	ARTS & SCIENCE 1	12
HONOURS ARTS & SCIENCE & PHYSICS	ARTS & SCIENCE 1	8
HONOURS ARTS & SCIENCE & POLITICAL SCIENCE	HONOURS ARTS & SCIENCE	18
HONOURS ARTS & SCIENCE & PSYCHOLOGY	ARTS & SCIENCE 1	18
HONOURS ARTS & SCIENCE & PSYCHOLOGY	HONOURS ARTS & SCIENCE	13
HONOURS B HTH SCI (BIOMEDICAL SCIENCES SPECIALIZATION)	HONOURS BACHELOR OF HEALTH SCIENCES	70
HONOURS B HTH SCI (CHILD HEALTH SPECIALIZATION)	HONOURS BACHELOR OF HEALTH SCIENCES	62
HONOURS B HTH SCI (GLOBAL HEALTH SPECIALIZATION)	HONOURS BACHELOR OF HEALTH SCIENCES	257
HONOURS BACHELOR OF COMMERCE	COMMERCE	2695
HONOURS BACHELOR OF HEALTH SCIENCES	HONOURS B HTH SCI (GLOBAL HEALTH SPECIALIZATION)	6
HONOURS BACHELOR OF HEALTH SCIENCES	LIFE SCIENCES 1	94
HONOURS BIOCHEMISTRY	HONOURS BIOCHEMISTRY (BIOMEDICAL SCIENCES)	111
HONOURS BIOCHEMISTRY	HONOURS BIOCHEMISTRY (BIOTECHNOLOGY)	38
HONOURS BIOCHEMISTRY	HONOURS BIOCHEMISTRY CO-OP (BIOMEDICAL SCIENCES)	7
HONOURS BIOCHEMISTRY	HONOURS CHEMICAL BIOLOGY	22
HONOURS BIOCHEMISTRY	LIFE SCIENCES 1	251
HONOURS BIOCHEMISTRY	PHYSICAL SCIENCES 1	8
HONOURS BIOCHEMISTRY - BIOMEDICAL RESEARCH SPECIALIZATION	HONOURS BIOCHEMISTRY (BIOMEDICAL SCIENCES)	39
HONOURS BIOCHEMISTRY - BIOMEDICAL RESEARCH SPECIALIZATION	HONOURS BIOCHEMISTRY (BIOTECHNOLOGY)	8
HONOURS BIOCHEMISTRY - BIOMEDICAL RESEARCH SPECIALIZATION	LIFE SCIENCES 1	82
HONOURS BIOCHEMISTRY - BIOMEDICAL RESEARCH SPECIALIZATION (CO-OP)	HONOURS BIOCHEMISTRY (BIOMEDICAL SCIENCES)	36
HONOURS BIOCHEMISTRY - BIOMEDICAL RESEARCH SPECIALIZATION (CO-OP)	HONOURS BIOCHEMISTRY (CO-OP) BIOTECHNOLOGY	26
HONOURS BIOCHEMISTRY - BIOMEDICAL RESEARCH SPECIALIZATION (CO-OP)	HONOURS BIOCHEMISTRY CO-OP (BIOMEDICAL SCIENCES)	14
HONOURS BIOCHEMISTRY - BIOMEDICAL RESEARCH SPECIALIZATION (CO-OP)	HONOURS CHEMICAL BIOLOGY	10
HONOURS BIOCHEMISTRY (BIOMEDICAL SCIENCES)	HONOURS BIOCHEMISTRY	10
HONOURS BIOCHEMISTRY (BIOMEDICAL SCIENCES)	LIFE SCIENCES 1	210
HONOURS BIOCHEMISTRY (BIOTECHNOLOGY)	LIFE SCIENCES 1	46
HONOURS BIOCHEMISTRY (CO-OP) BIOTECHNOLOGY	HONOURS BIOCHEMISTRY	8
HONOURS BIOCHEMISTRY (CO-OP) BIOTECHNOLOGY	HONOURS BIOCHEMISTRY (BIOMEDICAL SCIENCES)	7
HONOURS BIOCHEMISTRY (CO-OP) BIOTECHNOLOGY	HONOURS BIOCHEMISTRY (BIOTECHNOLOGY)	21
HONOURS BIOCHEMISTRY (CO-OP) BIOTECHNOLOGY	HONOURS BIOCHEMISTRY CO-OP (BIOMEDICAL SCIENCES)	6
HONOURS BIOCHEMISTRY CO-OP (BIOMEDICAL SCIENCES)	HONOURS BIOCHEMISTRY	9
HONOURS BIOCHEMISTRY CO-OP (BIOMEDICAL SCIENCES)	HONOURS BIOCHEMISTRY (BIOMEDICAL SCIENCES)	34
HONOURS BIOLOGY	ENVIRONMENTAL & EARTH SCIENCES 1	14
HONOURS BIOLOGY	HONOURS BIOCHEMISTRY	13
HONOURS BIOLOGY	HONOURS BIOLOGY & ENVIRONMENTAL SCIENCES	7
HONOURS BIOLOGY	HONOURS BIOLOGY & MATHEMATICS	6
HONOURS BIOLOGY	HONOURS BIOLOGY & PSYCHOLOGY	23
HONOURS BIOLOGY	HONOURS BIOLOGY (BIODIVERSITY SPECIALIZATION)	6
HONOURS BIOLOGY	HONOURS BIOLOGY (ORIGINS RESEARCH SPECIALIZATION)	7
HONOURS BIOLOGY	HONOURS BIOLOGY (PHYSIOLOGY SPECIALIZATION)	81
HONOURS BIOLOGY	HONOURS CHEMICAL BIOLOGY	7
HONOURS BIOLOGY	HONOURS LIFE SCIENCES	95
HONOURS BIOLOGY	HONOURS MOLECULAR BIOLOGY & GENETICS	80
HONOURS BIOLOGY	HONOURS MOLECULAR BIOLOGY & GENETICS CO-OP	7
HONOURS BIOLOGY	LIFE SCIENCES 1	338
HONOURS BIOLOGY & ENVIRONMENTAL SCIENCES	ENVIRONMENTAL & EARTH SCIENCES 1	16
HONOURS BIOLOGY & ENVIRONMENTAL SCIENCES	HONOURS ENVIRONMENTAL SCIENCES	8
HONOURS BIOLOGY & ENVIRONMENTAL SCIENCES	LIFE SCIENCES 1	29
HONOURS BIOLOGY & MATHEMATICS	LIFE SCIENCES 1	25
HONOURS BIOLOGY & PHARMACOLOGY (CO-OP)	HONOURS BIOCHEMISTRY (BIOMEDICAL SCIENCES)	8
HONOURS BIOLOGY & PHARMACOLOGY (CO-OP)	HONOURS BIOLOGY	29
HONOURS BIOLOGY & PHARMACOLOGY (CO-OP)	HONOURS BIOLOGY (PHYSIOLOGY SPECIALIZATION)	12
HONOURS BIOLOGY & PHARMACOLOGY (CO-OP)	HONOURS LIFE SCIENCES	26
HONOURS BIOLOGY & PHARMACOLOGY (CO-OP)	HONOURS MOLECULAR BIOLOGY & GENETICS	14
HONOURS BIOLOGY & PSYCHOLOGY	HONOURS LIFE SCIENCES	10
HONOURS BIOLOGY & PSYCHOLOGY	HONOURS PSYCHOLOGY-NEUROSCIENCE & BEHAVIOUR	20
HONOURS BIOLOGY & PSYCHOLOGY	LIFE SCIENCES 1	229
HONOURS BIOLOGY (ORIGINS RESEARCH SPECIALIZATION)	HONOURS LIFE SCIENCE (ORIGINS RESEARCH SPECIALIZATION)	6
HONOURS BIOLOGY (ORIGINS RESEARCH SPECIALIZATION)	LIFE SCIENCES 1	12
HONOURS BIOLOGY (PHYSIOLOGY SPECIALIZATION)	HONOURS LIFE SCIENCES	6
HONOURS BIOLOGY (PHYSIOLOGY SPECIALIZATION)	HONOURS MOLECULAR BIOLOGY & GENETICS	6
HONOURS BIOLOGY (PHYSIOLOGY SPECIALIZATION)	LIFE SCIENCES 1	157
HONOURS BUSINESS INFORMATICS	COMPUTER SCIENCE 1	6
HONOURS BUSINESS INFORMATICS CO-OP	COMPUTER SCIENCE 1	13
HONOURS BUSINESS INFORMATICS CO-OP	COMPUTER SCIENCE 1 CO-OP	32
HONOURS BUSINESS INFORMATICS CO-OP	HONOURS COMPUTER SCIENCE CO-OP	6
HONOURS CHEMICAL BIOLOGY	LIFE SCIENCES 1	229
HONOURS CHEMICAL BIOLOGY (CO-OP)	HONOURS CHEMICAL BIOLOGY	72
HONOURS CHEMISTRY	HONOURS CHEMISTRY (ORIGINS RESEARCH SPECIALIZATION)	6
HONOURS CHEMISTRY	LIFE SCIENCES 1	93
HONOURS CHEMISTRY	PHYSICAL SCIENCES 1	52
HONOURS CHEMISTRY (CO-OP)	HONOURS CHEMISTRY	30
HONOURS CLASSICS	HUMANITIES 1	35
HONOURS CLASSICS & ANTHROPOLOGY	HUMANITIES 1	6
HONOURS CLASSICS & ENGLISH	HUMANITIES 1	23
HONOURS CLASSICS & FRENCH	HUMANITIES 1	6
HONOURS CLASSICS & HISTORY	HUMANITIES 1	50
HONOURS CLASSICS & PHILOSOPHY	HUMANITIES 1	13
HONOURS COGNITIVE SCIENCE OF LANGUAGE	HONOURS LINGUISTICS	22
HONOURS COGNITIVE SCIENCE OF LANGUAGE	HUMANITIES 1	76
HONOURS COGNITIVE SCIENCE OF LANGUAGE	LIFE SCIENCES 1	6
HONOURS COGNITIVE SCIENCE OF LANGUAGE	PSYCHOLOGY	9
HONOURS COGNITIVE SCIENCE OF LANGUAGE	SOCIAL SCIENCES 1	6
HONOURS COGNITIVE SCIENCE OF LANGUAGE & ENGLISH	HUMANITIES 1	6
HONOURS COGNITIVE SCIENCE OF LANGUAGE & FRENCH	HUMANITIES 1	20
HONOURS COGNITIVE SCIENCE OF LANGUAGE & SOCIOLOGY	SOCIAL SCIENCES 1	6
HONOURS COMMUNICATION ST & CULTURAL ST AND CRITICAL THEORY	HUMANITIES 1	14
HONOURS COMMUNICATION STUDIES	BUSINESS 1	6
HONOURS COMMUNICATION STUDIES	ENGLISH	15
HONOURS COMMUNICATION STUDIES	HONOURS COMMUNICATION ST & CULTURAL ST AND CRITICAL THEORY	9
HONOURS COMMUNICATION STUDIES	HONOURS COMMUNICATION STUDIES & ENGLISH	13
HONOURS COMMUNICATION STUDIES	HONOURS COMMUNICATION STUDIES & MULTIMEDIA	20
HONOURS COMMUNICATION STUDIES	HUMANITIES	32
HONOURS COMMUNICATION STUDIES	HUMANITIES 1	257
HONOURS COMMUNICATION STUDIES	SOCIAL SCIENCES 1	33
HONOURS COMMUNICATION STUDIES & ENGLISH	ENGLISH	7
HONOURS COMMUNICATION STUDIES & ENGLISH	HONOURS ENGLISH	6
HONOURS COMMUNICATION STUDIES & ENGLISH	HUMANITIES 1	33
HONOURS COMMUNICATION STUDIES & FRENCH	HUMANITIES 1	6
HONOURS COMMUNICATION STUDIES & GEOGRAPHY	HUMANITIES 1	8
HONOURS COMMUNICATION STUDIES & HEALTH STUDIES	SOCIAL SCIENCES 1	6
HONOURS COMMUNICATION STUDIES & HISTORY	HUMANITIES 1	13
HONOURS COMMUNICATION STUDIES & MULTIMEDIA	HONOURS MULTIMEDIA	12
HONOURS COMMUNICATION STUDIES & MULTIMEDIA	HUMANITIES	6
HONOURS COMMUNICATION STUDIES & MULTIMEDIA	HUMANITIES 1	99
HONOURS COMMUNICATION STUDIES & PEACE STUDIES	HUMANITIES 1	9
HONOURS COMMUNICATION STUDIES & PHILOSOPHY	HUMANITIES 1	6
HONOURS COMMUNICATION STUDIES & POLITICAL SCIENCE	HONOURS COMMUNICATION STUDIES	8
HONOURS COMMUNICATION STUDIES & POLITICAL SCIENCE	HONOURS POLITICAL SCIENCE	6
HONOURS COMMUNICATION STUDIES & POLITICAL SCIENCE	HUMANITIES 1	9
HONOURS COMMUNICATION STUDIES & POLITICAL SCIENCE	SOCIAL SCIENCES 1	24
HONOURS COMMUNICATION STUDIES & SOCIOLOGY	HONOURS SOCIOLOGY	9
HONOURS COMMUNICATION STUDIES & SOCIOLOGY	HUMANITIES 1	10
HONOURS COMMUNICATION STUDIES & SOCIOLOGY	SOCIAL SCIENCES 1	27
HONOURS COMMUNICATION STUDIES & SOCIOLOGY	SOCIOLOGY	6
HONOURS COMMUNICATION STUDIES & THEATRE & FILM STUDIES	HUMANITIES 1	31
HONOURS COMPUTER SCIENCE	COMPUTER SCIENCE 1	31
HONOURS COMPUTER SCIENCE	HONOURS COMPUTER SCIENCE CO-OP	20
HONOURS COMPUTER SCIENCE CO-OP	COMPUTER SCIENCE 1	25
HONOURS COMPUTER SCIENCE CO-OP	COMPUTER SCIENCE 1 CO-OP	104
HONOURS COMPUTER SCIENCE CO-OP	HONOURS COMPUTER SCIENCE	25
HONOURS CULTURAL STUDIES & CRITICAL THEORY & ENGLISH	HUMANITIES 1	29
HONOURS CULTURAL STUDIES & CRITICAL THEORY & PEACE STUDIES	HUMANITIES 1	11
HONOURS CULTURAL STUDIES & CRITICAL THEORY & PHILOSOPHY	HUMANITIES 1	8
HONOURS EARTH & ENVIRONMENTAL SCIENCES	ENVIRONMENTAL & EARTH SCIENCES 1	50
HONOURS EARTH & ENVIRONMENTAL SCIENCES	ENVIRONMENTAL SCIENCES	22
HONOURS EARTH & ENVIRONMENTAL SCIENCES	HONOURS ENVIRONMENTAL SCIENCES	20
HONOURS EARTH & ENVIRONMENTAL SCIENCES	LIFE SCIENCES 1	6
HONOURS ECONOMICS	BUSINESS 1	38
HONOURS ECONOMICS	COMMERCE	7
HONOURS ECONOMICS	ECONOMICS	176
HONOURS ECONOMICS	ENGINEERING 1	16
HONOURS ECONOMICS	HONOURS BACHELOR OF COMMERCE	7
HONOURS ECONOMICS	HUMANITIES 1	20
HONOURS ECONOMICS	LIFE SCIENCES 1	6
HONOURS ECONOMICS	MATHEMATICS & STATISTICS 1	20
HONOURS ECONOMICS	SOCIAL SCIENCES	27
HONOURS ECONOMICS	SOCIAL SCIENCES 1	209
HONOURS ECONOMICS & MATHEMATICS	MATHEMATICS & STATISTICS 1	7
HONOURS ECONOMICS & POLITICAL SCIENCE	HONOURS ECONOMICS	6
HONOURS ECONOMICS & POLITICAL SCIENCE	SOCIAL SCIENCES 1	34
HONOURS ECONOMICS & PSYCHOLOGY	SOCIAL SCIENCES 1	7
HONOURS ECONOMICS & SOCIOLOGY	SOCIAL SCIENCES 1	12
HONOURS ENGLISH	ENGLISH	83
HONOURS ENGLISH	HONOURS CULTURAL STUDIES & CRITICAL THEORY & ENGLISH	6
HONOURS ENGLISH	HONOURS ENGLISH & PHILOSOPHY	7
HONOURS ENGLISH	HUMANITIES	10
HONOURS ENGLISH	HUMANITIES 1	209
HONOURS ENGLISH	SOCIAL SCIENCES 1	24
HONOURS ENGLISH & ANTHROPOLOGY	HUMANITIES 1	6
HONOURS ENGLISH & FRENCH	HONOURS ENGLISH	6
HONOURS ENGLISH & FRENCH	HUMANITIES 1	13
HONOURS ENGLISH & HISTORY	HUMANITIES 1	105
HONOURS ENGLISH & LINGUISTICS	HUMANITIES 1	6
HONOURS ENGLISH & MULTIMEDIA	HUMANITIES 1	8
HONOURS ENGLISH & PEACE STUDIES	HUMANITIES 1	8
HONOURS ENGLISH & PHILOSOPHY	HUMANITIES 1	48
HONOURS ENGLISH & POLITICAL SCIENCE	SOCIAL SCIENCES 1	12
HONOURS ENGLISH & RELIGIOUS STUDIES	ENGLISH	8
HONOURS ENGLISH & RELIGIOUS STUDIES	HUMANITIES 1	10
HONOURS ENGLISH & SOCIOLOGY	HUMANITIES 1	16
HONOURS ENGLISH & SOCIOLOGY	SOCIAL SCIENCES 1	17
HONOURS ENGLISH & THEATRE & FILM STUDIES	ENGLISH	7
HONOURS ENGLISH & THEATRE & FILM STUDIES	HUMANITIES 1	22
HONOURS ENVIRONMENTAL SCIENCES	ENVIRONMENTAL & EARTH SCIENCES 1	72
HONOURS ENVIRONMENTAL SCIENCES	ENVIRONMENTAL SCIENCES	37
HONOURS ENVIRONMENTAL SCIENCES	HONOURS EARTH & ENVIRONMENTAL SCIENCES	8
HONOURS ENVIRONMENTAL SCIENCES	HONOURS GEOGRAPHY & ENVIRONMENTAL SCIENCES	6
HONOURS ENVIRONMENTAL SCIENCES	HONOURS GEOGRAPHY & ENVIRONMENTAL STUDIES	8
HONOURS ENVIRONMENTAL SCIENCES	HONOURS LIFE SCIENCES	8
HONOURS ENVIRONMENTAL SCIENCES	LIFE SCIENCES	7
HONOURS ENVIRONMENTAL SCIENCES	LIFE SCIENCES 1	12
HONOURS ENVIRONMENTAL SCIENCES	SCIENCE	23
HONOURS FRENCH	FRENCH	18
HONOURS FRENCH	HUMANITIES 1	28
HONOURS FRENCH	SOCIAL SCIENCES 1	6
HONOURS FRENCH & HISTORY	HONOURS HISTORY	8
HONOURS FRENCH & LINGUISTICS	HUMANITIES 1	9
HONOURS FRENCH & POLITICAL SCIENCE	HUMANITIES 1	8
HONOURS FRENCH & POLITICAL SCIENCE	SOCIAL SCIENCES 1	6
HONOURS FRENCH & SOCIOLOGY	SOCIAL SCIENCES 1	10
HONOURS GEOGRAPHY	GEOGRAPHY	36
HONOURS GEOGRAPHY	HONOURS GEOGRAPHY & RELIGIOUS STUDIES	7
HONOURS GEOGRAPHY	SOCIAL SCIENCES 1	70
HONOURS GEOGRAPHY & ENVIRONMENTAL SCIENCES	ENVIRONMENTAL & EARTH SCIENCES 1	24
HONOURS GEOGRAPHY & ENVIRONMENTAL SCIENCES	ENVIRONMENTAL SCIENCES	8
HONOURS GEOGRAPHY & ENVIRONMENTAL SCIENCES	HONOURS GEOGRAPHY & ENVIRONMENTAL STUDIES	9
HONOURS GEOGRAPHY & ENVIRONMENTAL STUDIES	ENVIRONMENTAL & EARTH SCIENCES 1	8
HONOURS GEOGRAPHY & ENVIRONMENTAL STUDIES	GEOGRAPHY	17
HONOURS GEOGRAPHY & ENVIRONMENTAL STUDIES	HONOURS GEOGRAPHY	10
HONOURS GEOGRAPHY & ENVIRONMENTAL STUDIES	HUMANITIES 1	11
HONOURS GEOGRAPHY & ENVIRONMENTAL STUDIES	SOCIAL SCIENCES	12
HONOURS GEOGRAPHY & ENVIRONMENTAL STUDIES	SOCIAL SCIENCES 1	88
HONOURS GEOGRAPHY & POLITICAL SCIENCE	SOCIAL SCIENCES 1	8
HONOURS GEOGRAPHY & SOCIOLOGY	SOCIAL SCIENCES 1	16
HONOURS GERONTOLOGY	SOCIAL SCIENCES 1	78
HONOURS GERONTOLOGY & SOCIOLOGY	SOCIAL SCIENCES 1	28
HONOURS HEALTH STUDIES	HEALTH, AGING & SOCIETY	24
HONOURS HEALTH STUDIES	HONOURS HEALTH STUDIES & SOCIOLOGY	8
HONOURS HEALTH STUDIES	SOCIAL SCIENCES	6
HONOURS HEALTH STUDIES	SOCIAL SCIENCES 1	110
HONOURS HEALTH STUDIES & GERONTOLOGY	HEALTH, AGING & SOCIETY	9
HONOURS HEALTH STUDIES & GERONTOLOGY	HONOURS GERONTOLOGY	25
HONOURS HEALTH STUDIES & GERONTOLOGY	HONOURS GERONTOLOGY & SOCIOLOGY	7
HONOURS HEALTH STUDIES & GERONTOLOGY	HONOURS HEALTH STUDIES	33
HONOURS HEALTH STUDIES & GERONTOLOGY	SOCIAL SCIENCES 1	79
HONOURS HEALTH STUDIES & SOCIOLOGY	SOCIAL SCIENCES 1	28
HONOURS HISTORY	HISTORY	56
HONOURS HISTORY	HONOURS CLASSICS & HISTORY	12
HONOURS HISTORY	HONOURS ENGLISH & HISTORY	6
HONOURS HISTORY	HONOURS HISTORY & PHILOSOPHY	6
HONOURS HISTORY	HONOURS HISTORY & POLITICAL SCIENCE	6
HONOURS HISTORY	HUMANITIES	8
HONOURS HISTORY	HUMANITIES 1	148
HONOURS HISTORY	SOCIAL SCIENCES 1	18
HONOURS HISTORY & ANTHROPOLOGY	HUMANITIES 1	18
HONOURS HISTORY & ANTHROPOLOGY	SOCIAL SCIENCES 1	10
HONOURS HISTORY & MULTIMEDIA	HUMANITIES 1	6
HONOURS HISTORY & PEACE STUDIES	HUMANITIES 1	10
HONOURS HISTORY & PHILOSOPHY	HUMANITIES 1	28
HONOURS HISTORY & POLITICAL SCIENCE	HISTORY	6
HONOURS HISTORY & POLITICAL SCIENCE	HONOURS HISTORY	12
HONOURS HISTORY & POLITICAL SCIENCE	HONOURS POLITICAL SCIENCE	8
HONOURS HISTORY & POLITICAL SCIENCE	HUMANITIES 1	24
HONOURS HISTORY & POLITICAL SCIENCE	SOCIAL SCIENCES 1	21
HONOURS HISTORY & RELIGIOUS STUDIES	HUMANITIES 1	17
HONOURS HISTORY & SOCIOLOGY	HUMANITIES 1	8
HONOURS INTEGRATED SCIENCE	INTEGRATED SCIENCE 1	24
HONOURS INTEGRATED SCIENCE (BIOCHEMISTRY)	INTEGRATED SCIENCE 1	36
HONOURS INTEGRATED SCIENCE (BIOLOGY)	INTEGRATED SCIENCE 1	34
HONOURS INTEGRATED SCIENCE (BIOPHYSICS)	INTEGRATED SCIENCE 1	16
HONOURS INTEGRATED SCIENCE (CHEMICAL BIOLOGY)	INTEGRATED SCIENCE 1	8
HONOURS INTEGRATED SCIENCE (CHEMISTRY)	INTEGRATED SCIENCE 1	6
HONOURS INTEGRATED SCIENCE (EARTH & ENVIRONMENTAL SCIENCE)	INTEGRATED SCIENCE 1	23
HONOURS INTEGRATED SCIENCE (MATHEMATICS & STATISTICS)	HONOURS INTEGRATED SCIENCE (PHYSICS)	6
HONOURS INTEGRATED SCIENCE (MATHEMATICS & STATISTICS)	INTEGRATED SCIENCE 1	10
HONOURS INTEGRATED SCIENCE (PHYSICS)	INTEGRATED SCIENCE 1	24
HONOURS INTEGRATED SCIENCE (PSYCHOLOGY, NEUROSCIENCE & BEHAVIOUR))	INTEGRATED SCIENCE 1	28
HONOURS INTEGRATED SCIENCE (RADIATION SCIENCE)	INTEGRATED SCIENCE 1	8
HONOURS KINESIOLOGY	HONOURS KINESIOLOGY 1	1113
HONOURS KINESIOLOGY	KINESIOLOGY GENERAL	46
HONOURS KINESIOLOGY	LIFE SCIENCES 1	8
HONOURS KINESIOLOGY	SCIENCE	17
HONOURS KINESIOLOGY 1	LIFE SCIENCES 1	10
HONOURS LABOUR STUDIES	HONOURS LABOUR STUDIES & ECONOMICS	6
HONOURS LABOUR STUDIES	HUMANITIES 1	8
HONOURS LABOUR STUDIES	LABOUR STUDIES	22
HONOURS LABOUR STUDIES	SOCIAL SCIENCES	6
HONOURS LABOUR STUDIES	SOCIAL SCIENCES 1	73
HONOURS LABOUR STUDIES & ANTHROPOLOGY	SOCIAL SCIENCES 1	6
HONOURS LABOUR STUDIES & POLITICAL SCIENCE	HONOURS LABOUR STUDIES	10
HONOURS LABOUR STUDIES & POLITICAL SCIENCE	SOCIAL SCIENCES 1	42
HONOURS LABOUR STUDIES & SOCIOLOGY	HONOURS SOCIOLOGY	6
HONOURS LABOUR STUDIES & SOCIOLOGY	SOCIAL SCIENCES 1	18
HONOURS LIFE SCIENCE (ORIGINS RESEARCH SPECIALIZATION)	LIFE SCIENCES 1	20
HONOURS LIFE SCIENCES	ENVIRONMENTAL & EARTH SCIENCES 1	52
HONOURS LIFE SCIENCES	HONOURS BIOCHEMISTRY	21
HONOURS LIFE SCIENCES	HONOURS BIOCHEMISTRY (BIOMEDICAL SCIENCES)	13
HONOURS LIFE SCIENCES	HONOURS BIOLOGY	33
HONOURS LIFE SCIENCES	HONOURS BIOLOGY & PSYCHOLOGY	11
HONOURS LIFE SCIENCES	HONOURS BIOLOGY (PHYSIOLOGY SPECIALIZATION)	18
HONOURS LIFE SCIENCES	HONOURS CHEMICAL BIOLOGY	6
HONOURS LIFE SCIENCES	HONOURS ENVIRONMENTAL SCIENCES	6
HONOURS LIFE SCIENCES	HONOURS LIFE SCIENCE (ORIGINS RESEARCH SPECIALIZATION)	10
HONOURS LIFE SCIENCES	HONOURS MOLECULAR BIOLOGY & GENETICS	10
HONOURS LIFE SCIENCES	HONOURS PSYCHOLOGY-NEUROSCIENCE & BEHAVIOUR	11
HONOURS LIFE SCIENCES	LIFE SCIENCES	461
HONOURS LIFE SCIENCES	LIFE SCIENCES 1	1560
HONOURS LIFE SCIENCES	MEDICAL RADIATION SCIENCES - RADIOGRAPHY SPECIALIZATION	10
HONOURS LIFE SCIENCES	MEDICAL RADIATION SCIENCES - ULTRASONOGRAPHY SPECIALIZATION	6
HONOURS LIFE SCIENCES	MEDICAL RADIATION SCIENCES -RADIATION THERAPY SPECIALIZATION	6
HONOURS LIFE SCIENCES	PHYSICAL SCIENCES 1	16
HONOURS LIFE SCIENCES	PSYCHOLOGY	26
HONOURS LIFE SCIENCES	SCIENCE	106
HONOURS LIFE SCIENCES	SOCIAL SCIENCES 1	26
HONOURS LINGUISTICS	HUMANITIES	14
HONOURS LINGUISTICS	HUMANITIES 1	49
HONOURS LINGUISTICS & ANTHROPOLOGY	HUMANITIES 1	6
HONOURS MATHEMATICS & STATISTICS	HONOURS BIOLOGY & MATHEMATICS	8
HONOURS MATHEMATICS & STATISTICS	HONOURS LIFE SCIENCES	6
HONOURS MATHEMATICS & STATISTICS	HONOURS MATHEMATICS & STATISTICS(MATHEMATICS SPECIALIZATION)	18
HONOURS MATHEMATICS & STATISTICS	HONOURS MATHEMATICS & STATISTICS(STATISTICS SPECIALIZATION)	11
HONOURS MATHEMATICS & STATISTICS	LIFE SCIENCES 1	19
HONOURS MATHEMATICS & STATISTICS	MATHEMATICAL SCIENCE	17
HONOURS MATHEMATICS & STATISTICS	MATHEMATICS & STATISTICS 1	36
HONOURS MATHEMATICS & STATISTICS CO-OP	HONOURS MATHEMATICS & STATISTICS CO-OP (MATHEMATICS SPEC)	9
HONOURS MATHEMATICS & STATISTICS CO-OP	HONOURS MATHEMATICS & STATISTICS(MATHEMATICS SPECIALIZATION)	7
HONOURS MATHEMATICS & STATISTICS CO-OP	HONOURS MATHEMATICS & STATISTICS(STATISTICS SPECIALIZATION)	6
HONOURS MATHEMATICS & STATISTICS CO-OP (STATISTICS SPEC)	HONOURS MATHEMATICS & STATISTICS	6
HONOURS MATHEMATICS & STATISTICS CO-OP (STATISTICS SPEC)	HONOURS MATHEMATICS & STATISTICS(STATISTICS SPECIALIZATION)	7
HONOURS MATHEMATICS & STATISTICS(APPLIED MATHEMATICS SPEC)	MATHEMATICS & STATISTICS 1	50
HONOURS MATHEMATICS & STATISTICS(MATHEMATICS SPECIALIZATION)	HONOURS MATHEMATICS & STATISTICS	8
HONOURS MATHEMATICS & STATISTICS(MATHEMATICS SPECIALIZATION)	MATHEMATICS & STATISTICS 1	39
HONOURS MATHEMATICS & STATISTICS(STATISTICS SPECIALIZATION)	HONOURS MATHEMATICS & STATISTICS CO-OP (STATISTICS SPEC)	7
HONOURS MATHEMATICS & STATISTICS(STATISTICS SPECIALIZATION)	LIFE SCIENCES 1	7
HONOURS MATHEMATICS & STATISTICS(STATISTICS SPECIALIZATION)	MATHEMATICS & STATISTICS 1	46
HONOURS MEDICAL & HEALTH PHYSICS	LIFE SCIENCES 1	22
HONOURS MEDICAL & HEALTH PHYSICS	PHYSICAL SCIENCES 1	32
HONOURS MEDICAL & HEALTH PHYSICS CO-OP	HONOURS MEDICAL & HEALTH PHYSICS	23
HONOURS MOLECULAR BIOLOGY & GENETICS	LIFE SCIENCES 1	270
HONOURS MOLECULAR BIOLOGY & GENETICS CO-OP	HONOURS MOLECULAR BIOLOGY & GENETICS	52
HONOURS MULTIMEDIA	HONOURS COMMUNICATION STUDIES & MULTIMEDIA	6
HONOURS MULTIMEDIA	HUMANITIES	8
HONOURS MULTIMEDIA	HUMANITIES 1	55
HONOURS MULTIMEDIA & PHILOSOPHY	HUMANITIES 1	6
HONOURS MULTIMEDIA & THEATRE & FILM STUDIES	HUMANITIES 1	16
HONOURS MUSIC	MUSIC	7
HONOURS MUSIC	MUSIC 1	140
HONOURS MUSIC (MUSIC COGNITION)	MUSIC 1	16
HONOURS PEACE STUDIES & ANTHROPOLOGY	HUMANITIES 1	7
HONOURS PEACE STUDIES & PHILOSOPHY	HUMANITIES 1	15
HONOURS PEACE STUDIES & POLITICAL SCIENCE	HUMANITIES 1	8
HONOURS PEACE STUDIES & POLITICAL SCIENCE	SOCIAL SCIENCES 1	10
HONOURS PHILOSOPHY	HUMANITIES 1	74
HONOURS PHILOSOPHY	PHILOSOPHY	29
HONOURS PHILOSOPHY	PSYCHOLOGY	6
HONOURS PHILOSOPHY	SOCIAL SCIENCES 1	8
HONOURS PHILOSOPHY & BIOLOGY	HUMANITIES 1	10
HONOURS PHILOSOPHY & POLITICAL SCIENCE	HONOURS POLITICAL SCIENCE	7
HONOURS PHILOSOPHY & POLITICAL SCIENCE	HUMANITIES 1	24
HONOURS PHILOSOPHY & POLITICAL SCIENCE	SOCIAL SCIENCES 1	36
HONOURS PHILOSOPHY & SOCIOLOGY	SOCIAL SCIENCES 1	8
HONOURS PHILOSOPHY & THEATRE & FILM STUDIES	HUMANITIES 1	10
HONOURS PHYSICS	HONOURS PHYSICS (CO-OP)	6
HONOURS PHYSICS	LIFE SCIENCES 1	16
HONOURS PHYSICS	PHYSICAL SCIENCES 1	43
HONOURS PHYSICS (ASTROPHYSICS SPECIALIZATION)	PHYSICAL SCIENCES 1	28
HONOURS PHYSICS (BIOPHYSICS SPECIALIZATION)	LIFE SCIENCES 1	16
HONOURS PHYSICS (CO-OP)	HONOURS PHYSICS	8
HONOURS PHYSICS (CO-OP)	HONOURS PHYSICS (ASTROPHYSICS SPECIALIZATION)	11
HONOURS POLITICAL SCIENCE	HONOURS ECONOMICS & POLITICAL SCIENCE	8
HONOURS POLITICAL SCIENCE	HONOURS HISTORY & POLITICAL SCIENCE	10
HONOURS POLITICAL SCIENCE	HONOURS PHILOSOPHY & POLITICAL SCIENCE	13
HONOURS POLITICAL SCIENCE	HONOURS POLITICAL SCIENCE & SOCIOLOGY	10
HONOURS POLITICAL SCIENCE	HUMANITIES 1	24
HONOURS POLITICAL SCIENCE	POLITICAL SCIENCE	118
HONOURS POLITICAL SCIENCE	SOCIAL SCIENCES	20
HONOURS POLITICAL SCIENCE	SOCIAL SCIENCES 1	290
HONOURS POLITICAL SCIENCE & RELIGIOUS STUDIES	SOCIAL SCIENCES 1	10
HONOURS POLITICAL SCIENCE & SOCIOLOGY	HONOURS SOCIOLOGY	12
HONOURS POLITICAL SCIENCE & SOCIOLOGY	SOCIAL SCIENCES 1	60
HONOURS PSYCHOLOGY-NEUROSCIENCE & BEHAVIOUR	ENVIRONMENTAL & EARTH SCIENCES 1	8
HONOURS PSYCHOLOGY-NEUROSCIENCE & BEHAVIOUR	HON PSYCHOLOGY-NEUROSCI & BEHAVIOUR (ORIGINS RESEARCH SPEC)	10
HONOURS PSYCHOLOGY-NEUROSCIENCE & BEHAVIOUR	HONOURS BIOCHEMISTRY (BIOMEDICAL SCIENCES)	6
HONOURS PSYCHOLOGY-NEUROSCIENCE & BEHAVIOUR	HONOURS BIOLOGY & PSYCHOLOGY	29
HONOURS PSYCHOLOGY-NEUROSCIENCE & BEHAVIOUR	HONOURS LIFE SCIENCES	52
HONOURS PSYCHOLOGY-NEUROSCIENCE & BEHAVIOUR	HONOURS PSYCHOLOGY-NEUROSCIENCE & BEHAVIOUR-MUSIC COGNITION	6
HONOURS PSYCHOLOGY-NEUROSCIENCE & BEHAVIOUR	HONOURS SOCIAL PSYCHOLOGY	6
HONOURS PSYCHOLOGY-NEUROSCIENCE & BEHAVIOUR	HUMANITIES 1	6
HONOURS PSYCHOLOGY-NEUROSCIENCE & BEHAVIOUR	LIFE SCIENCES	12
HONOURS PSYCHOLOGY-NEUROSCIENCE & BEHAVIOUR	LIFE SCIENCES 1	233
HONOURS PSYCHOLOGY-NEUROSCIENCE & BEHAVIOUR	PHYSICAL SCIENCES 1	6
HONOURS PSYCHOLOGY-NEUROSCIENCE & BEHAVIOUR	PSYCHOLOGY	63
HONOURS PSYCHOLOGY-NEUROSCIENCE & BEHAVIOUR	SOCIAL SCIENCES	8
HONOURS PSYCHOLOGY-NEUROSCIENCE & BEHAVIOUR	SOCIAL SCIENCES 1	151
HONOURS PSYCHOLOGY-NEUROSCIENCE & BEHAVIOUR (B.A.) - MENTAL HEALTH SPECIALIZATION	SOCIAL SCIENCES 1	10
HONOURS PSYCHOLOGY-NEUROSCIENCE & BEHAVIOUR (B.Sc.) - MENTAL HEALTH SPECIALIZATION	LIFE SCIENCES 1	18
HONOURS PSYCHOLOGY-NEUROSCIENCE & BEHAVIOUR-MUSIC COGNITION	HONOURS PSYCHOLOGY-NEUROSCIENCE & BEHAVIOUR	8
HONOURS PSYCHOLOGY-NEUROSCIENCE & BEHAVIOUR-MUSIC COGNITION	LIFE SCIENCES 1	26
HONOURS PSYCHOLOGY-NEUROSCIENCE & BEHAVIOUR-MUSIC COGNITION	SOCIAL SCIENCES 1	14
HONOURS RELIGIOUS STUDIES	HONOURS POLITICAL SCIENCE & RELIGIOUS STUDIES	6
HONOURS RELIGIOUS STUDIES	HUMANITIES 1	6
HONOURS RELIGIOUS STUDIES	RELIGIOUS STUDIES	24
HONOURS RELIGIOUS STUDIES	SOCIAL SCIENCES 1	42
HONOURS RELIGIOUS STUDIES & SOCIOLOGY	SOCIAL SCIENCES 1	16
HONOURS SOCIAL PSYCHOLOGY	HONOURS SOCIOLOGY	18
HONOURS SOCIAL PSYCHOLOGY	PSYCHOLOGY	34
HONOURS SOCIAL PSYCHOLOGY	SOCIAL SCIENCES 1	281
HONOURS SOCIOLOGY	BUSINESS 1	10
HONOURS SOCIOLOGY	HONOURS COMMUNICATION STUDIES & SOCIOLOGY	7
HONOURS SOCIOLOGY	HONOURS ENGLISH & SOCIOLOGY	6
HONOURS SOCIOLOGY	HUMANITIES 1	42
HONOURS SOCIOLOGY	PSYCHOLOGY	56
HONOURS SOCIOLOGY	SOCIAL SCIENCES	45
HONOURS SOCIOLOGY	SOCIAL SCIENCES 1	676
HONOURS SOCIOLOGY	SOCIOLOGY	182
HONOURS SOCIOLOGY & THEATRE & FILM STUDIES	SOCIAL SCIENCES 1	6
HONOURS THEATRE & FILM STUDIES	HUMANITIES 1	33
HONOURS THEATRE & FILM STUDIES	THEATRE & FILM STUDIES	31
HUMANITIES	BUSINESS 1	18
HUMANITIES	HUMANITIES 1	105
HUMANITIES	SOCIAL SCIENCES 1	24
HUMANITIES 1	BUSINESS 1	13
HUMANITIES 1	ENGINEERING 1	8
HUMANITIES 1	LIFE SCIENCES 1	11
HUMANITIES 1	SOCIAL SCIENCES 1	20
INDIGENOUS STUDIES & SOCIOLOGY & SOCIAL WORK	SOCIOLOGY & SOCIAL WORK	8
INFECTECTIOUS DISEASE/INTERNAL MEDICINE	INTERNAL MEDICINE	12
INTERNAL MEDICINE	MEDICINE	93
INTERNAL MEDICINE	PSYCHIATRY	6
INTERNAL MEDICINE-WATERLOO/WELLINGTON	MEDICINE	9
JUSTICE, POLITICAL PHILOSOPHY AND LAW	HUMANITIES 1	34
JUSTICE, POLITICAL PHILOSOPHY AND LAW	SOCIAL SCIENCES 1	26
KINESIOLOGY GENERAL	HONOURS KINESIOLOGY 1	82
LABOUR STUDIES	BUSINESS 1	9
LABOUR STUDIES	HONOURS LABOUR STUDIES	10
LABOUR STUDIES	HUMANITIES 1	8
LABOUR STUDIES	SOCIAL SCIENCES	11
LABOUR STUDIES	SOCIAL SCIENCES 1	69
LIFE SCIENCES	ENVIRONMENTAL & EARTH SCIENCES 1	43
LIFE SCIENCES	ENVIRONMENTAL SCIENCES	10
LIFE SCIENCES	HONOURS LIFE SCIENCES	102
LIFE SCIENCES	HONOURS PSYCHOLOGY-NEUROSCIENCE & BEHAVIOUR	9
LIFE SCIENCES	LIFE SCIENCES 1	390
LIFE SCIENCES	MATHEMATICAL SCIENCE	6
LIFE SCIENCES	MATHEMATICS & STATISTICS 1	6
LIFE SCIENCES	MEDICAL RADIATION SCIENCES	9
LIFE SCIENCES	MEDICAL RADIATION SCIENCES - RADIOGRAPHY SPECIALIZATION	6
LIFE SCIENCES	PHYSICAL SCIENCES 1	32
LIFE SCIENCES	PSYCHOLOGY	11
LIFE SCIENCES	SCIENCE	199
LIFE SCIENCES	SOCIAL SCIENCES	6
LIFE SCIENCES	SOCIAL SCIENCES 1	16
LIFE SCIENCES 1	MEDICAL RADIATION SCIENCES	9
MANUFACTURING ENGINEERING TECHNOLOGY	ENERGY ENGINEERING TECHNOLOGIES	6
MATERIALS ENG & MANAGEMENT - NANOMATERIALS STREAM CO-OP	MATERIALS ENGINEERING & MANAGEMENT CO-OP	6
MATERIALS ENGINEERING	ENGINEERING 1	52
MATERIALS ENGINEERING	ENGINEERING 1 CO-OP	8
MATERIALS ENGINEERING	MATERIALS ENGINEERING CO-OP	26
MATERIALS ENGINEERING - NANOMATERIALS STREAM	MATERIALS ENGINEERING	9
MATERIALS ENGINEERING - NANOMATERIALS STREAM CO-OP	MATERIALS ENGINEERING CO-OP	24
MATERIALS ENGINEERING & MANAGEMENT CO-OP	ENGINEERING 1 CO-OP	14
MATERIALS ENGINEERING & SOCIETY	ENGINEERING 1 CO-OP	6
MATERIALS ENGINEERING & SOCIETY CO-OP	ENGINEERING 1 CO-OP	28
MATERIALS ENGINEERING & SOCIETY CO-OP	MATERIALS ENGINEERING CO-OP	8
MATERIALS ENGINEERING CO-OP	ENGINEERING 1	37
MATERIALS ENGINEERING CO-OP	ENGINEERING 1 CO-OP	153
MATERIALS ENGINEERING CO-OP	MATERIALS ENGINEERING	23
MATHEMATICAL SCIENCE	ENGINEERING 1	10
MATHEMATICAL SCIENCE	ENGINEERING 1 CO-OP	8
MATHEMATICAL SCIENCE	HONOURS MATHEMATICS & STATISTICS	15
MATHEMATICAL SCIENCE	HONOURS MATHEMATICS & STATISTICS(APPLIED MATHEMATICS SPEC)	14
MATHEMATICAL SCIENCE	HONOURS MATHEMATICS & STATISTICS(STATISTICS SPECIALIZATION)	19
MATHEMATICAL SCIENCE	LIFE SCIENCES 1	6
MATHEMATICAL SCIENCE	MATHEMATICS & STATISTICS 1	60
MATHEMATICAL SCIENCE	PHYSICAL SCIENCES	8
MATHEMATICAL SCIENCE	PHYSICAL SCIENCES 1	6
MATHEMATICAL SCIENCE	SCIENCE	20
MECHANICAL ENGINEERING	ENGINEERING 1	70
MECHANICAL ENGINEERING	MECHANICAL ENGINEERING CO-OP	18
MECHANICAL ENGINEERING & MANAGEMENT	ENGINEERING 1	28
MECHANICAL ENGINEERING & SOCIETY CO-OP	ENGINEERING 1	10
MECHANICAL ENGINEERING & SOCIETY CO-OP	ENGINEERING 1 CO-OP	18
MECHANICAL ENGINEERING & SOCIETY CO-OP	MECHANICAL ENGINEERING & SOCIETY	7
MECHANICAL ENGINEERING AND MANAGEMENT CO-OP	ENGINEERING 1	44
MECHANICAL ENGINEERING AND MANAGEMENT CO-OP	ENGINEERING 1 CO-OP	120
MECHANICAL ENGINEERING AND MANAGEMENT CO-OP	MECHANICAL ENGINEERING & MANAGEMENT	16
MECHANICAL ENGINEERING CO-OP	ENGINEERING 1	72
MECHANICAL ENGINEERING CO-OP	ENGINEERING 1 CO-OP	277
MECHANICAL ENGINEERING CO-OP	MECHANICAL ENGINEERING	35
MECHATRONICS ENGINEERING	ENGINEERING 1	29
MECHATRONICS ENGINEERING	MECHATRONICS ENGINEERING CO-OP	10
MECHATRONICS ENGINEERING & MANAGEMENT	ENGINEERING 1	14
MECHATRONICS ENGINEERING & MANAGEMENT CO-OP	ENGINEERING 1	12
MECHATRONICS ENGINEERING & MANAGEMENT CO-OP	ENGINEERING 1 CO-OP	76
MECHATRONICS ENGINEERING & MANAGEMENT CO-OP	MECHATRONICS ENGINEERING & MANAGEMENT	11
MECHATRONICS ENGINEERING CO-OP	ENGINEERING 1	31
MECHATRONICS ENGINEERING CO-OP	ENGINEERING 1 CO-OP	137
MECHATRONICS ENGINEERING CO-OP	MECHATRONICS ENGINEERING & MANAGEMENT CO-OP	18
MEDICAL ONCOLOGY	INTERNAL MEDICINE	12
MEDICAL RADIATION SCIENCES	HONOURS LIFE SCIENCES	12
MEDICAL RADIATION SCIENCES	LIFE SCIENCES 1	16
MEDICAL RADIATION SCIENCES - RADIOGRAPHY SPECIALIZATION	HONOURS LIFE SCIENCES	6
MEDICAL RADIATION SCIENCES - RADIOGRAPHY SPECIALIZATION	MEDICAL RADIATION SCIENCES	319
MEDICAL RADIATION SCIENCES - RADIOGRAPHY SPECIALIZATION	SCIENCE	10
MEDICAL RADIATION SCIENCES - ULTRASONOGRAPHY SPECIALIZATION	MEDICAL RADIATION SCIENCES	217
MEDICAL RADIATION SCIENCES - ULTRASONOGRAPHY SPECIALIZATION	SCIENCE	8
MEDICAL RADIATION SCIENCES -RADIATION THERAPY SPECIALIZATION	MEDICAL RADIATION SCIENCES	149
MEDICAL RADIATION SCIENCES -RADIATION THERAPY SPECIALIZATION	MEDICAL RADIATION SCIENCES - ULTRASONOGRAPHY SPECIALIZATION	12
MEDICINE	HONOURS ARTS & SCIENCE	8
MEDICINE	HONOURS B HTH SCI (BIOMEDICAL SCIENCES SPECIALIZATION)	6
MEDICINE	HONOURS B HTH SCI (GLOBAL HEALTH SPECIALIZATION)	12
MEDICINE	HONOURS BACHELOR OF HEALTH SCIENCES	182
MEDICINE	HONOURS BIOCHEMISTRY	6
MEDICINE	HONOURS BIOLOGY	6
MEDICINE	HONOURS KINESIOLOGY	8
MIDWIFERY	HONOURS KINESIOLOGY	8
MIDWIFERY	LIFE SCIENCES 1	6
MIDWIFERY	SOCIAL SCIENCES 1	8
MUSIC	MUSIC 1	28
NEUROLOGY	MEDICINE	9
NURSING	LIFE SCIENCES 1	6
NURSING (BASIC ACCELERATED)	HONOURS BIOLOGY	22
NURSING (BASIC ACCELERATED)	HONOURS BIOLOGY & PSYCHOLOGY	10
NURSING (BASIC ACCELERATED)	HONOURS KINESIOLOGY	12
NURSING (BASIC ACCELERATED)	HONOURS LIFE SCIENCES	26
OBSTETRICS & GYNECOLOGY	MEDICINE	21
OPHTHALMOLOGY	MEDICINE	9
ORTHOPEDIC SURGERY	CLINICAL INVESTIGATOR PROGRAMME-ORTHOPEDIC SURGERY	8
ORTHOPEDIC SURGERY	MEDICINE	21
OTOLARYNGOLOGY	MEDICINE	12
PAEDIATRICS	MEDICINE	30
PHILOSOPHY	HONOURS LINGUISTICS	6
PHILOSOPHY	HONOURS PHILOSOPHY	14
PHILOSOPHY	HONOURS PHILOSOPHY & POLITICAL SCIENCE	6
PHILOSOPHY	HUMANITIES	6
PHILOSOPHY	HUMANITIES 1	76
PHILOSOPHY	SOCIAL SCIENCES 1	26
PHYSICAL MEDICINE & REHABILITATION	MEDICINE	15
PHYSICAL SCIENCES	HONOURS MEDICAL & HEALTH PHYSICS	9
PHYSICAL SCIENCES	HONOURS PHYSICS	6
PHYSICAL SCIENCES	LIFE SCIENCES 1	8
PHYSICAL SCIENCES	PHYSICAL SCIENCES 1	32
PHYSICAL SCIENCES	SCIENCE	8
PLASTIC SURGERY	MEDICINE	6
POLITICAL SCIENCE	ECONOMICS	16
POLITICAL SCIENCE	HISTORY	6
POLITICAL SCIENCE	HONOURS POLITICAL SCIENCE	31
POLITICAL SCIENCE	HUMANITIES	6
POLITICAL SCIENCE	HUMANITIES 1	10
POLITICAL SCIENCE	PSYCHOLOGY	6
POLITICAL SCIENCE	SOCIAL SCIENCES	52
POLITICAL SCIENCE	SOCIAL SCIENCES 1	168
POLITICAL SCIENCE & SOCIAL WORK	SOCIAL SCIENCES 1	8
PROCESS AUTOMATION TECHNOLOGY	TECHNOLOGY 1	315
PSYCHIATRY	MEDICINE	21
PSYCHIATRY-WATERLOO/WELLINGTON	MEDICINE	6
PSYCHOLOGY	BUSINESS 1	7
PSYCHOLOGY	ECONOMICS	9
PSYCHOLOGY	HONOURS COGNITIVE SCIENCE OF LANGUAGE	8
PSYCHOLOGY	HONOURS LIFE SCIENCES	6
PSYCHOLOGY	HONOURS PSYCHOLOGY-NEUROSCIENCE & BEHAVIOUR	19
PSYCHOLOGY	HONOURS SOCIOLOGY	6
PSYCHOLOGY	HUMANITIES 1	14
PSYCHOLOGY	LIFE SCIENCES	10
PSYCHOLOGY	LIFE SCIENCES 1	19
PSYCHOLOGY	NURSING	8
PSYCHOLOGY	SCIENCE	8
PSYCHOLOGY	SOCIAL SCIENCES	51
PSYCHOLOGY	SOCIAL SCIENCES 1	407
PSYCHOLOGY	SOCIOLOGY	12
PSYCHOLOGY & SOCIAL WORK	SOCIAL SCIENCES 1	18
RELIGIOUS STUDIES	GEOGRAPHY	7
RELIGIOUS STUDIES	HONOURS RELIGIOUS STUDIES	6
RELIGIOUS STUDIES	POLITICAL SCIENCE	8
RELIGIOUS STUDIES	SOCIAL SCIENCES	12
RELIGIOUS STUDIES	SOCIAL SCIENCES 1	38
RELIGIOUS STUDIES	SOCIOLOGY	6
RESPIRATORY MEDICINE/INTERNAL MEDICINE	INTERNAL MEDICINE	9
RHEUMATOLOGY/INTERNAL MEDICINE	INTERNAL MEDICINE	9
SCIENCE	ENGINEERING 1	7
SCIENCE	ENGINEERING 1 CO-OP	15
SCIENCE	ENVIRONMENTAL & EARTH SCIENCES 1	84
SCIENCE	HONOURS KINESIOLOGY	13
SCIENCE	HONOURS KINESIOLOGY 1	6
SCIENCE	KINESIOLOGY GENERAL	26
SCIENCE	LIFE SCIENCES	7
SCIENCE	LIFE SCIENCES 1	184
SCIENCE	MATHEMATICS & STATISTICS 1	30
SCIENCE	MEDICAL RADIATION SCIENCES	44
SCIENCE	PHYSICAL SCIENCES 1	42
SCIENCE	SOCIAL SCIENCES 1	10
SOCIAL SCIENCES	BUSINESS 1	36
SOCIAL SCIENCES	HUMANITIES 1	7
SOCIAL SCIENCES	LIFE SCIENCES 1	6
SOCIAL SCIENCES	SOCIAL SCIENCES 1	367
SOCIAL SCIENCES 1	BUSINESS 1	14
SOCIAL WORK	HONOURS SOCIOLOGY	6
SOCIOLOGY	BUSINESS 1	23
SOCIOLOGY	GEOGRAPHY	6
SOCIOLOGY	HONOURS ANTHROPOLOGY	6
SOCIOLOGY	HONOURS COMMUNICATION STUDIES & SOCIOLOGY	8
SOCIOLOGY	HONOURS SOCIOLOGY	126
SOCIOLOGY	HUMANITIES	15
SOCIOLOGY	HUMANITIES 1	38
SOCIOLOGY	POLITICAL SCIENCE	6
SOCIOLOGY	PSYCHOLOGY	39
SOCIOLOGY	SOCIAL SCIENCES	110
SOCIOLOGY	SOCIAL SCIENCES 1	459
SOCIOLOGY	SOCIOLOGY & SOCIAL WORK	9
SOCIOLOGY & SOCIAL WORK	HONOURS SOCIOLOGY	26
SOCIOLOGY & SOCIAL WORK	HUMANITIES 1	6
SOCIOLOGY & SOCIAL WORK	SOCIAL SCIENCES 1	84
SOFTWARE ENGINEERING	ENGINEERING 1	31
SOFTWARE ENGINEERING	SOFTWARE ENGINEERING CO-OP	10
SOFTWARE ENGINEERING & MANAGEMENT CO-OP	ENGINEERING 1 CO-OP	41
SOFTWARE ENGINEERING (EMBEDDED SYSTEMS)	ENGINEERING 1	22
SOFTWARE ENGINEERING (EMBEDDED SYSTEMS)	SOFTWARE ENGINEERING (EMBEDDED SYSTEMS) CO-OP	7
SOFTWARE ENGINEERING (EMBEDDED SYSTEMS) CO-OP	COMPUTER ENGINEERING CO-OP	6
SOFTWARE ENGINEERING (EMBEDDED SYSTEMS) CO-OP	ENGINEERING 1	16
SOFTWARE ENGINEERING (EMBEDDED SYSTEMS) CO-OP	ENGINEERING 1 CO-OP	67
SOFTWARE ENGINEERING (EMBEDDED SYSTEMS) CO-OP	SOFTWARE ENGINEERING (EMBEDDED SYSTEMS)	15
SOFTWARE ENGINEERING (GAME DESIGN)	ENGINEERING 1	37
SOFTWARE ENGINEERING (GAME DESIGN) CO-OP	ENGINEERING 1	21
SOFTWARE ENGINEERING (GAME DESIGN) CO-OP	ENGINEERING 1 CO-OP	78
SOFTWARE ENGINEERING (GAME DESIGN) CO-OP	SOFTWARE ENGINEERING (GAME DESIGN)	8
SOFTWARE ENGINEERING CO-OP	ELECTRICAL ENGINEERING CO-OP	6
SOFTWARE ENGINEERING CO-OP	ENGINEERING 1	26
SOFTWARE ENGINEERING CO-OP	ENGINEERING 1 CO-OP	105
SOFTWARE ENGINEERING CO-OP	SOFTWARE ENGINEERING	10
SOFTWARE ENGINEERING CO-OP	SOFTWARE ENGINEERING (EMBEDDED SYSTEMS) CO-OP	12
SURGERY	MEDICINE	45
TECHNOLOGY 1	ENGINEERING 1	45
TECHNOLOGY 1	ENGINEERING 1 CO-OP	112
THEATRE & FILM STUDIES	BUSINESS 1	6
THEATRE & FILM STUDIES	ENGLISH	8
THEATRE & FILM STUDIES	HONOURS COMMUNICATION STUDIES	9
THEATRE & FILM STUDIES	HONOURS THEATRE & FILM STUDIES	14
THEATRE & FILM STUDIES	HUMANITIES	8
THEATRE & FILM STUDIES	HUMANITIES 1	68
UROLOGY	MEDICINE	9
VASCULAR SURGERY	SURGERY	12